{
  "budget": 10.0,
  "usage": {
    "text-embedding-3-small": {
      "input_tokens": 377,
      "output_tokens": 0,
      "cost": 7.54e-06
    },
    "gpt-4o-mini": {
      "input_tokens": 52106,
      "output_tokens": 7795,
      "cost": 0.012492899999999998
    }
  },
  "total_cost": 0.012500439999999998,
  "remaining_budget": 9.98749956
}