{
  "budget": 10.0,
  "usage": {
    "text-embedding-3-small": {
      "input_tokens": 293,
      "output_tokens": 0,
      "cost": 5.860000000000001e-06
    },
    "gpt-4o-mini": {
      "input_tokens": 30004,
      "output_tokens": 4660,
      "cost": 0.0072965999999999994
    }
  },
  "total_cost": 0.007302459999999999,
  "remaining_budget": 9.99269754
}